Domain,Course Title,Course Description
Programming,Python 101,"Introduction to Python programming. Learn basics like variables, loops, and functions. Ideal for beginners."
Programming,Advanced Java,"Dive deep into Java with topics like multithreading, generics, and JVM internals. For experienced developers."
Programming,Web Development with HTML & CSS,"Learn the basics of web development with HTML, CSS. Dive into responsive design and basic SEO techniques."
Programming,JavaScript Mastery,"Master the art of JavaScript. Learn about ES6 features, asynchronous programming, and frameworks like React and Vue."
Programming,C++ for Game Development,"Explore game development with C++. Understand graphics libraries, real-time rendering, and game physics."
Data Science,Data Science with R,"Explore data science concepts using R. Covering data manipulation, visualization, and basic modeling."
Data Science,Machine Learning Foundations,"Understand the foundational concepts behind machine learning. Topics include regression, classification, and clustering."
Data Science,Deep Learning with TensorFlow,"Dive deep into neural networks and deep learning with TensorFlow. Covering CNNs, RNNs, and transfer learning."
Data Science,Big Data with Hadoop & Spark,Learn about big data processing with Hadoop and Spark. Understand distributed computing and real-time processing.
Data Science,Statistics for Data Science,"Master the statistics needed for data science. Topics include hypothesis testing, probability, and distributions."
Design,UX Design Principles,"Dive into user experience design. Learn about wireframing, user research, and interface design."
Design,Graphic Design with Adobe,"Master graphic design using Adobe tools. Covering Photoshop, Illustrator, and InDesign."
Design,3D Modeling with Blender,"Learn 3D modeling with Blender. Covering basics of modeling, texturing, and rendering."
Design,Animation Foundations,"Dive into the world of animation. Understand keyframes, rigging, and character animation."
Design,Web Design Best Practices,"Understand the best practices in web design. Learn about typography, color theory, and user-centric design."
Business,Business Strategy 101,"Introduction to the world of business strategy. Understand market analysis, SWOT, and competitive advantage."
Business,Marketing in Digital Age,"Explore modern marketing techniques in the digital era. Covering SEO, SEM, and social media marketing."
Business,Entrepreneurship Fundamentals,"Dive into the world of startups and entrepreneurship. Understand funding, pitches, and business models."
Business,Finance for Non-Finance Managers,"Understand the basics of finance. Topics include balance sheets, income statements, and cash flow analysis."
Business,Digital Transformation Strategies,"Learn about the strategies for digital transformation. Understand the role of AI, cloud, and IoT in modern businesses."
Programming,Python for Beginners,"Get started with Python. Covering basics like syntax, loops, functions, and OOP. Ideal for newcomers."
Design,Web Development with JavaScript,"Master web development using JavaScript, HTML, and CSS. Dive into frameworks like React and Vue."
Programming,Functional Programming in Scala,"Explore functional programming concepts using Scala. Understand monads, functors, and immutability."
Programming,Mobile Development with Kotlin,Develop mobile apps for Android using Kotlin. From basic apps to advanced features.
Data Science,Data Analysis with Pandas,"Dive deep into data analysis using Pandas. Handle large datasets, manipulate data, and visualize results."
Data Science,Deep Learning Foundations,"Understand the core concepts behind deep learning. Neural networks, backpropagation, and practical applications."
Data Science,Statistics for Data Science,"Master statistical concepts crucial for data science. Hypothesis testing, distributions, and regressions."
Data Science,Big Data with Spark,"Handle big data tasks using Apache Spark. Learn about RDDs, SparkSQL, and streaming data."
Design,Web Design Basics,"Design stunning websites. Learn about responsive design, typography, and user-centric principles."
Design,3D Modeling with Blender,Create 3D models using Blender. From basic shapes to complex scenes and animations.
Design,Digital Art Foundations,"Master digital art techniques. Using tools like Procreate and Photoshop, dive into digital painting and illustration."
Design,Animation Basics,"Learn the principles of animation. Understand keyframes, timelines, and bring your creations to life."
Business,Entrepreneurship Essentials,Step into the world of entrepreneurship. From idea generation to scaling a business.
Business,Digital Marketing Strategies,"Harness the power of digital marketing. SEO, PPC, email marketing, and analytics."
Business,Financial Analysis for Managers,"Understand business finances. Dive into balance sheets, income statements, and financial forecasting."
Business,Leadership and Management,"Develop leadership skills. Understand team dynamics, conflict resolution, and strategic planning."
Programming,Python for Beginners,"Dive into Python programming, covering basics such as variables, loops, and functions; perfect for beginners with no prior experience."
Programming,Advanced Java Development,"Enhance your Java skills with advanced topics including multithreading, generics, and JVM internals; designed for experienced developers."
Data Science,R for Data Science,"Learn data science techniques using R; covers data manipulation, visualization, and introductory machine learning concepts."
Data Science,Machine Learning Foundations,"Build a strong foundation in machine learning; learn regression, classification, and clustering from expert instructors."
Design,UX Design Principles,"Explore user experience design; learn about wireframing, user research, and interface design to build intuitive user interfaces."
Design,Graphic Design with Adobe Suite,"Master graphic design using Adobe tools; learn Photoshop, Illustrator, and InDesign through hands-on projects."
Business,Business Strategy Fundamentals,"Step into the world of business strategy; understand market analysis, SWOT analysis, and how to gain a competitive advantage."
Business,Digital Marketing Essentials,"Delve into modern marketing techniques in the digital era; topics include SEO, SEM, and social media marketing."
Data Science,SQL and Database Management,"Learn SQL and database management; covers database design, complex queries, and optimization techniques."
Data Science,Big Data Analysis with Hadoop,"Discover big data analysis using Hadoop; learn about the Hadoop ecosystem, MapReduce, and data analytics with big data."
Business,Introduction to Blockchain Technology,"Gain insights into blockchain technology; understand cryptocurrencies, smart contracts, and the underlying technology of blockchain."
Business,Agile Project Management,"Learn agile project management; understand scrum, Kanban, and agile methodologies to manage projects effectively."
Business,Cybersecurity Fundamentals,"Protect your organization with cybersecurity fundamentals; learn about network security, cryptography, and security policies."
Data Science,Artificial Intelligence Concepts,"Dive into the world of artificial intelligence; learn about neural networks, deep learning, and AI applications in various industries."
Programming,Cloud Computing with AWS,"Get started with cloud computing using AWS; covers EC2, S3, and various AWS services to build scalable applications."
Design,Front-end Development with React,"Learn front-end development using React; understand JSX, state management, and build dynamic websites with React."
Design,Backend Development with Node.js,"Master backend development using Node.js; learn about REST APIs, Express.js, and building server-side applications."
Business,Entrepreneurship and Start-up Management,"Delve into entrepreneurship; learn about start-up management, funding, and how to scale a start-up successfully."
Business,Financial Analysis and Valuation,"Understand financial analysis and valuation; learn about financial statements, ratio analysis, and company valuation techniques."
Business,Human Resource Management,"Learn human resource management; understand recruitment, employee engagement, and HR policies to manage talent effectively."
